<manifest alg="2" build="2018.1.0.386" opt="true" iceEnabled="true" iceMarkupVersion="2" iceEnabledOptions="link,responsive,cachebuster,textStyling" exportTarget="other" domain="ai-view.com" resolutions="1x" timestamp="1545921689933">
  <folder name="css">
    <file name="site_global.css" crc="444006867"/>
    <file name="comedy_theme_selection.css" crc="323515416" ref="comedy_theme_selection"/>
    <file name="drama_theme_selection.css" crc="3922662712" ref="drama_theme_selection"/>
    <file name="drama_kidnapping_plot_selection.css" crc="115423996" ref="drama_kidnapping_plot_selection"/>
    <file name="action_space_plot_selection.css" crc="220576135" ref="action_space_plot_selection"/>
    <file name="index.css" crc="4052304904" ref="index"/>
    <file name="drama_identity_crisis_plot_selection.css" crc="3779960749" ref="drama_identity_crisis_plot_selection"/>
    <file name="comedy_relationship_plot_selection.css" crc="4194042922" ref="comedy_relationship_plot_selection"/>
    <file name="genre_selection.css" crc="3932698509" ref="genre_selection"/>
    <file name="drama_loss_plot_selection.css" crc="4149341680" ref="drama_loss_plot_selection"/>
    <file name="action_competition_plot_selection.css" crc="3836748503" ref="action_competition_plot_selection"/>
    <file name="action_theme_selection.css" crc="3960931120" ref="action_theme_selection"/>
    <file name="comedy_confusion_plot_selection.css" crc="191003402" ref="comedy_confusion_plot_selection"/>
    <file name="comedy_surrealism_plot_selection.css" crc="500732908" ref="comedy_surrealism_plot_selection"/>
    <file name="action_war_plot_selection.css" crc="406785257" ref="action_war_plot_selection"/>
  </folder>
  <folder name="scripts">
    <file name="jquery-1.8.3.min.js" crc="209076791" ref="index:genre_selection:drama_theme_selection:action_theme_selection:comedy_theme_selection:drama_loss_plot_selection:drama_kidnapping_plot_selection:drama_identity_crisis_plot_selection:action_war_plot_selection:action_space_plot_selection:action_competition_plot_selection:comedy_confusion_plot_selection:comedy_surrealism_plot_selection:comedy_relationship_plot_selection"/>
    <file name="museutils.js" crc="340535759" ref="index:genre_selection:drama_theme_selection:action_theme_selection:comedy_theme_selection:drama_loss_plot_selection:drama_kidnapping_plot_selection:drama_identity_crisis_plot_selection:action_war_plot_selection:action_space_plot_selection:action_competition_plot_selection:comedy_confusion_plot_selection:comedy_surrealism_plot_selection:comedy_relationship_plot_selection"/>
    <file name="whatinput.js" crc="86476730" ref="index:genre_selection:drama_theme_selection:action_theme_selection:comedy_theme_selection:drama_loss_plot_selection:drama_kidnapping_plot_selection:drama_identity_crisis_plot_selection:action_war_plot_selection:action_space_plot_selection:action_competition_plot_selection:comedy_confusion_plot_selection:comedy_surrealism_plot_selection:comedy_relationship_plot_selection"/>
    <file name="museconfig.js" crc="310584261" ref="index:genre_selection:drama_theme_selection:action_theme_selection:comedy_theme_selection:drama_loss_plot_selection:drama_kidnapping_plot_selection:drama_identity_crisis_plot_selection:action_war_plot_selection:action_space_plot_selection:action_competition_plot_selection:comedy_confusion_plot_selection:comedy_surrealism_plot_selection:comedy_relationship_plot_selection"/>
    <file name="jquery.watch.js" crc="51536988" ref="index:genre_selection:drama_theme_selection:action_theme_selection:comedy_theme_selection:drama_loss_plot_selection:drama_kidnapping_plot_selection:drama_identity_crisis_plot_selection:action_war_plot_selection:action_space_plot_selection:action_competition_plot_selection:comedy_confusion_plot_selection:comedy_surrealism_plot_selection:comedy_relationship_plot_selection"/>
    <file name="require.js" crc="7928878" ref="index:genre_selection:drama_theme_selection:action_theme_selection:comedy_theme_selection:drama_loss_plot_selection:drama_kidnapping_plot_selection:drama_identity_crisis_plot_selection:action_war_plot_selection:action_space_plot_selection:action_competition_plot_selection:comedy_confusion_plot_selection:comedy_surrealism_plot_selection:comedy_relationship_plot_selection"/>
  </folder>
  <folder name="images">
    <file name="u94-4.png" crc="4290352754" ref="index"/>
    <file name="u98-4.png" crc="3777459588" ref="index"/>
    <file name="u115-3.png" crc="4234210346" ref="index"/>
    <file name="u118-4.png" crc="4189690393" ref="index"/>
    <file name="u151-4.png" crc="4290352754" ref="genre_selection"/>
    <file name="u154-3.png" crc="227934549" ref="genre_selection"/>
    <file name="u160-3.png" crc="3904307919" ref="genre_selection"/>
    <file name="u166-3.png" crc="338177262" ref="genre_selection"/>
    <file name="u153-4.png" crc="4087635773" ref="genre_selection"/>
    <file name="u163-4.png" crc="42182499" ref="genre_selection"/>
    <file name="u169-4.png" crc="4279768907" ref="genre_selection"/>
    <file name="u152-4.png" crc="3777459588" ref="genre_selection"/>
    <file name="u172-4.png" crc="3959176500" ref="genre_selection"/>
    <file name="u157-4.png" crc="190514461" ref="genre_selection"/>
    <file name="u214-4.png" crc="15245346" ref="genre_selection"/>
    <file name="u199-4.png" crc="4290352754" ref="drama_theme_selection"/>
    <file name="u205-3.png" crc="313113635" ref="drama_theme_selection"/>
    <file name="u204-3.png" crc="274756753" ref="drama_theme_selection"/>
    <file name="u203-3.png" crc="4221244423" ref="drama_theme_selection"/>
    <file name="u200-4.png" crc="410544234" ref="drama_theme_selection"/>
    <file name="u207-4.png" crc="47729439" ref="drama_theme_selection"/>
    <file name="u206-4.png" crc="148979019" ref="drama_theme_selection"/>
    <file name="u197-4.png" crc="3777459588" ref="drama_theme_selection"/>
    <file name="u208-4.png" crc="319592059" ref="drama_theme_selection"/>
    <file name="u202-4.png" crc="190514461" ref="drama_theme_selection"/>
    <file name="u211-4.png" crc="4196118203" ref="drama_theme_selection"/>
    <file name="u265-4.png" crc="4290352754" ref="action_theme_selection"/>
    <file name="u262-3.png" crc="342987570" ref="action_theme_selection"/>
    <file name="u261-3.png" crc="433906645" ref="action_theme_selection"/>
    <file name="u264-3.png" crc="163618774" ref="action_theme_selection"/>
    <file name="u254-4.png" crc="3852419802" ref="action_theme_selection"/>
    <file name="u259-4.png" crc="3928210647" ref="action_theme_selection"/>
    <file name="u255-4.png" crc="311500184" ref="action_theme_selection"/>
    <file name="u263-4.png" crc="3777459588" ref="action_theme_selection"/>
    <file name="u260-4.png" crc="319592059" ref="action_theme_selection"/>
    <file name="u257-4.png" crc="190514461" ref="action_theme_selection"/>
    <file name="u258-4.png" crc="493356326" ref="action_theme_selection"/>
    <file name="u279-4.png" crc="4290352754" ref="comedy_theme_selection"/>
    <file name="u277-3.png" crc="245730298" ref="comedy_theme_selection"/>
    <file name="u276-3.png" crc="470294830" ref="comedy_theme_selection"/>
    <file name="u281-3.png" crc="4221244423" ref="comedy_theme_selection"/>
    <file name="u273-4.png" crc="4264533821" ref="comedy_theme_selection"/>
    <file name="u284-4.png" crc="4114716061" ref="comedy_theme_selection"/>
    <file name="u274-4.png" crc="4129528279" ref="comedy_theme_selection"/>
    <file name="u272-4.png" crc="3777459588" ref="comedy_theme_selection"/>
    <file name="u282-4.png" crc="319592059" ref="comedy_theme_selection"/>
    <file name="u283-4.png" crc="190514461" ref="comedy_theme_selection"/>
    <file name="u275-4.png" crc="4264819931" ref="comedy_theme_selection"/>
    <file name="u315-4.png" crc="4290352754" ref="drama_loss_plot_selection"/>
    <file name="u321-3.png" crc="4180041776" ref="drama_loss_plot_selection"/>
    <file name="u312-3.png" crc="3866528048" ref="drama_loss_plot_selection"/>
    <file name="u317-3.png" crc="413196625" ref="drama_loss_plot_selection"/>
    <file name="u313-4.png" crc="173493842" ref="drama_loss_plot_selection"/>
    <file name="u310-4.png" crc="4021893872" ref="drama_loss_plot_selection"/>
    <file name="u311-4.png" crc="405021085" ref="drama_loss_plot_selection"/>
    <file name="u314-4.png" crc="3777459588" ref="drama_loss_plot_selection"/>
    <file name="u319-4.png" crc="3916348326" ref="drama_loss_plot_selection"/>
    <file name="u320-4.png" crc="190514461" ref="drama_loss_plot_selection"/>
    <file name="u318-4.png" crc="112033837" ref="drama_loss_plot_selection"/>
    <file name="u370-4.png" crc="4290352754" ref="drama_kidnapping_plot_selection"/>
    <file name="u378-3.png" crc="4274626269" ref="drama_kidnapping_plot_selection"/>
    <file name="u372-3.png" crc="3842825391" ref="drama_kidnapping_plot_selection"/>
    <file name="u377-3.png" crc="4001142998" ref="drama_kidnapping_plot_selection"/>
    <file name="u367-4.png" crc="226435590" ref="drama_kidnapping_plot_selection"/>
    <file name="u379-4.png" crc="19466402" ref="drama_kidnapping_plot_selection"/>
    <file name="u374-4.png" crc="244363973" ref="drama_kidnapping_plot_selection"/>
    <file name="u375-4.png" crc="3777459588" ref="drama_kidnapping_plot_selection"/>
    <file name="u371-4.png" crc="3916348326" ref="drama_kidnapping_plot_selection"/>
    <file name="u369-4.png" crc="190514461" ref="drama_kidnapping_plot_selection"/>
    <file name="u373-4.png" crc="4111461984" ref="drama_kidnapping_plot_selection"/>
    <file name="u409-4.png" crc="4290352754" ref="drama_identity_crisis_plot_selection"/>
    <file name="u415-3.png" crc="3799550226" ref="drama_identity_crisis_plot_selection"/>
    <file name="u406-3.png" crc="3853681945" ref="drama_identity_crisis_plot_selection"/>
    <file name="u413-3.png" crc="3948358766" ref="drama_identity_crisis_plot_selection"/>
    <file name="u407-4.png" crc="3871441589" ref="drama_identity_crisis_plot_selection"/>
    <file name="u412-4.png" crc="3910879387" ref="drama_identity_crisis_plot_selection"/>
    <file name="u410-4.png" crc="9469067" ref="drama_identity_crisis_plot_selection"/>
    <file name="u403-4.png" crc="3777459588" ref="drama_identity_crisis_plot_selection"/>
    <file name="u414-4.png" crc="3916348326" ref="drama_identity_crisis_plot_selection"/>
    <file name="u404-4.png" crc="190514461" ref="drama_identity_crisis_plot_selection"/>
    <file name="u411-4.png" crc="223538848" ref="drama_identity_crisis_plot_selection"/>
    <file name="u430-4.png" crc="4290352754" ref="action_war_plot_selection"/>
    <file name="u435-3.png" crc="309694892" ref="action_war_plot_selection"/>
    <file name="u431-3.png" crc="3853681945" ref="action_war_plot_selection"/>
    <file name="u437-3.png" crc="3853681945" ref="action_war_plot_selection"/>
    <file name="u432-4.png" crc="4222303338" ref="action_war_plot_selection"/>
    <file name="u433-4.png" crc="206555095" ref="action_war_plot_selection"/>
    <file name="u436-4.png" crc="4170531856" ref="action_war_plot_selection"/>
    <file name="u438-4.png" crc="3777459588" ref="action_war_plot_selection"/>
    <file name="u428-4.png" crc="3916348326" ref="action_war_plot_selection"/>
    <file name="u429-4.png" crc="190514461" ref="action_war_plot_selection"/>
    <file name="u426-4.png" crc="3952049151" ref="action_war_plot_selection"/>
    <file name="u463-4.png" crc="4290352754" ref="action_space_plot_selection"/>
    <file name="u462-3.png" crc="471999280" ref="action_space_plot_selection"/>
    <file name="u470-3.png" crc="3763000505" ref="action_space_plot_selection"/>
    <file name="u461-3.png" crc="4081202431" ref="action_space_plot_selection"/>
    <file name="u467-4.png" crc="3939374189" ref="action_space_plot_selection"/>
    <file name="u468-4.png" crc="258481760" ref="action_space_plot_selection"/>
    <file name="u465-4.png" crc="4155073382" ref="action_space_plot_selection"/>
    <file name="u466-4.png" crc="3777459588" ref="action_space_plot_selection"/>
    <file name="u473-4.png" crc="3916348326" ref="action_space_plot_selection"/>
    <file name="u472-4.png" crc="190514461" ref="action_space_plot_selection"/>
    <file name="u464-4.png" crc="4143801605" ref="action_space_plot_selection"/>
    <file name="u507-4.png" crc="4290352754" ref="action_competition_plot_selection"/>
    <file name="u501-3.png" crc="484721348" ref="action_competition_plot_selection"/>
    <file name="u499-3.png" crc="359772911" ref="action_competition_plot_selection"/>
    <file name="u500-3.png" crc="3886064063" ref="action_competition_plot_selection"/>
    <file name="u502-4.png" crc="4223815189" ref="action_competition_plot_selection"/>
    <file name="u509-4.png" crc="3905468719" ref="action_competition_plot_selection"/>
    <file name="u504-4.png" crc="4020309803" ref="action_competition_plot_selection"/>
    <file name="u511-4.png" crc="3777459588" ref="action_competition_plot_selection"/>
    <file name="u503-4.png" crc="3916348326" ref="action_competition_plot_selection"/>
    <file name="u510-4.png" crc="190514461" ref="action_competition_plot_selection"/>
    <file name="u505-4.png" crc="499587002" ref="action_competition_plot_selection"/>
    <file name="u568-4.png" crc="4290352754" ref="comedy_confusion_plot_selection"/>
    <file name="u557-3.png" crc="3842825391" ref="comedy_confusion_plot_selection"/>
    <file name="u564-3.png" crc="297438854" ref="comedy_confusion_plot_selection"/>
    <file name="u567-4.png" crc="4217630420" ref="comedy_confusion_plot_selection"/>
    <file name="u561-4.png" crc="110662961" ref="comedy_confusion_plot_selection"/>
    <file name="u566-4.png" crc="3777459588" ref="comedy_confusion_plot_selection"/>
    <file name="u563-4.png" crc="3916348326" ref="comedy_confusion_plot_selection"/>
    <file name="u569-4.png" crc="190514461" ref="comedy_confusion_plot_selection"/>
    <file name="u560-4.png" crc="3947322276" ref="comedy_confusion_plot_selection"/>
    <file name="u582-4.png" crc="4290352754" ref="comedy_surrealism_plot_selection"/>
    <file name="u577-3.png" crc="3924382194" ref="comedy_surrealism_plot_selection"/>
    <file name="u585-3.png" crc="129168580" ref="comedy_surrealism_plot_selection"/>
    <file name="u576-3.png" crc="129168580" ref="comedy_surrealism_plot_selection"/>
    <file name="u579-4.png" crc="502745940" ref="comedy_surrealism_plot_selection"/>
    <file name="u587-4.png" crc="138351014" ref="comedy_surrealism_plot_selection"/>
    <file name="u575-4.png" crc="29910357" ref="comedy_surrealism_plot_selection"/>
    <file name="u584-4.png" crc="3777459588" ref="comedy_surrealism_plot_selection"/>
    <file name="u586-4.png" crc="3916348326" ref="comedy_surrealism_plot_selection"/>
    <file name="u581-4.png" crc="190514461" ref="comedy_surrealism_plot_selection"/>
    <file name="u578-4.png" crc="3958110811" ref="comedy_surrealism_plot_selection"/>
    <file name="u621-4.png" crc="4290352754" ref="comedy_relationship_plot_selection"/>
    <file name="u620-3.png" crc="4090917752" ref="comedy_relationship_plot_selection"/>
    <file name="u618-3.png" crc="485807900" ref="comedy_relationship_plot_selection"/>
    <file name="u617-4.png" crc="3957034064" ref="comedy_relationship_plot_selection"/>
    <file name="u613-4.png" crc="173361969" ref="comedy_relationship_plot_selection"/>
    <file name="u619-4.png" crc="3777459588" ref="comedy_relationship_plot_selection"/>
    <file name="u616-4.png" crc="3916348326" ref="comedy_relationship_plot_selection"/>
    <file name="u615-4.png" crc="190514461" ref="comedy_relationship_plot_selection"/>
    <file name="u614-4.png" crc="500552270" ref="comedy_relationship_plot_selection"/>
  </folder>
  <file name="index.html" crc="4026428617" seo="true" mt="1545913649739" redirect="true"/>
  <file name="genre_selection.html" crc="384302291" seo="true" mt="1545914305359" redirect="true"/>
  <file name="drama_theme_selection.html" crc="4106951304" seo="true" mt="1545920538700" redirect="true"/>
  <file name="action_theme_selection.html" crc="3786354095" seo="true" mt="1545921465664" redirect="true"/>
  <file name="comedy_theme_selection.html" crc="3841453433" seo="true" mt="1545921498379" redirect="true"/>
  <file name="drama_loss_plot_selection.html" crc="213374631" seo="true" mt="1545920410573" redirect="true"/>
  <file name="drama_kidnapping_plot_selection.html" crc="309275842" seo="true" mt="1545920391492" redirect="true"/>
  <file name="drama_identity_crisis_plot_selection.html" crc="152969012" seo="true" mt="1545920619907" redirect="true"/>
  <file name="action_war_plot_selection.html" crc="4272428895" seo="true" mt="1545920740328" redirect="true"/>
  <file name="action_space_plot_selection.html" crc="308920713" seo="true" mt="1545920975770" redirect="true"/>
  <file name="action_competition_plot_selection.html" crc="386253195" seo="true" mt="1545921058529" redirect="true"/>
  <file name="comedy_confusion_plot_selection.html" crc="4085014557" seo="true" mt="1545921191340" redirect="true"/>
  <file name="comedy_surrealism_plot_selection.html" crc="3992776952" seo="true" mt="1545921417977" redirect="true"/>
  <file name="comedy_relationship_plot_selection.html" crc="317934930" seo="true" mt="1545921307854" redirect="true"/>
</manifest>